--
-- PostgreSQL database dump
--

-- Dumped from database version 14.0
-- Dumped by pg_dump version 14.6 (Homebrew)

SET statement_timeout = 0;
SET lock_timeout = 0;
SET idle_in_transaction_session_timeout = 0;
SET client_encoding = 'UTF8';
SET standard_conforming_strings = on;
SELECT pg_catalog.set_config('search_path', '', false);
SET check_function_bodies = false;
SET xmloption = content;
SET client_min_messages = warning;
SET row_security = off;

SET default_tablespace = '';

SET default_table_access_method = heap;

--
-- Name: about_aboutpage; Type: TABLE; Schema: public; Owner: bsadmin
--

CREATE TABLE public.about_aboutpage (
    id bigint NOT NULL,
    intro_text text NOT NULL,
    ending_text_1 text NOT NULL,
    ending_text_2 text NOT NULL
);


ALTER TABLE public.about_aboutpage OWNER TO bsadmin;

--
-- Name: about_aboutpage_id_seq; Type: SEQUENCE; Schema: public; Owner: bsadmin
--

ALTER TABLE public.about_aboutpage ALTER COLUMN id ADD GENERATED BY DEFAULT AS IDENTITY (
    SEQUENCE NAME public.about_aboutpage_id_seq
    START WITH 1
    INCREMENT BY 1
    NO MINVALUE
    NO MAXVALUE
    CACHE 1
);


--
-- Name: about_step; Type: TABLE; Schema: public; Owner: bsadmin
--

CREATE TABLE public.about_step (
    id bigint NOT NULL,
    text text NOT NULL,
    image character varying(100) NOT NULL,
    page_id bigint NOT NULL
);


ALTER TABLE public.about_step OWNER TO bsadmin;

--
-- Name: about_step_id_seq; Type: SEQUENCE; Schema: public; Owner: bsadmin
--

ALTER TABLE public.about_step ALTER COLUMN id ADD GENERATED BY DEFAULT AS IDENTITY (
    SEQUENCE NAME public.about_step_id_seq
    START WITH 1
    INCREMENT BY 1
    NO MINVALUE
    NO MAXVALUE
    CACHE 1
);


--
-- Name: auth_group; Type: TABLE; Schema: public; Owner: bsadmin
--

CREATE TABLE public.auth_group (
    id integer NOT NULL,
    name character varying(150) NOT NULL
);


ALTER TABLE public.auth_group OWNER TO bsadmin;

--
-- Name: auth_group_id_seq; Type: SEQUENCE; Schema: public; Owner: bsadmin
--

ALTER TABLE public.auth_group ALTER COLUMN id ADD GENERATED BY DEFAULT AS IDENTITY (
    SEQUENCE NAME public.auth_group_id_seq
    START WITH 1
    INCREMENT BY 1
    NO MINVALUE
    NO MAXVALUE
    CACHE 1
);


--
-- Name: auth_group_permissions; Type: TABLE; Schema: public; Owner: bsadmin
--

CREATE TABLE public.auth_group_permissions (
    id bigint NOT NULL,
    group_id integer NOT NULL,
    permission_id integer NOT NULL
);


ALTER TABLE public.auth_group_permissions OWNER TO bsadmin;

--
-- Name: auth_group_permissions_id_seq; Type: SEQUENCE; Schema: public; Owner: bsadmin
--

ALTER TABLE public.auth_group_permissions ALTER COLUMN id ADD GENERATED BY DEFAULT AS IDENTITY (
    SEQUENCE NAME public.auth_group_permissions_id_seq
    START WITH 1
    INCREMENT BY 1
    NO MINVALUE
    NO MAXVALUE
    CACHE 1
);


--
-- Name: auth_permission; Type: TABLE; Schema: public; Owner: bsadmin
--

CREATE TABLE public.auth_permission (
    id integer NOT NULL,
    name character varying(255) NOT NULL,
    content_type_id integer NOT NULL,
    codename character varying(100) NOT NULL
);


ALTER TABLE public.auth_permission OWNER TO bsadmin;

--
-- Name: auth_permission_id_seq; Type: SEQUENCE; Schema: public; Owner: bsadmin
--

ALTER TABLE public.auth_permission ALTER COLUMN id ADD GENERATED BY DEFAULT AS IDENTITY (
    SEQUENCE NAME public.auth_permission_id_seq
    START WITH 1
    INCREMENT BY 1
    NO MINVALUE
    NO MAXVALUE
    CACHE 1
);


--
-- Name: authtoken_token; Type: TABLE; Schema: public; Owner: bsadmin
--

CREATE TABLE public.authtoken_token (
    key character varying(40) NOT NULL,
    created timestamp with time zone NOT NULL,
    user_id bigint NOT NULL
);


ALTER TABLE public.authtoken_token OWNER TO bsadmin;

--
-- Name: custom_users_customuser; Type: TABLE; Schema: public; Owner: bsadmin
--

CREATE TABLE public.custom_users_customuser (
    id bigint NOT NULL,
    password character varying(128) NOT NULL,
    last_login timestamp with time zone,
    is_superuser boolean NOT NULL,
    is_staff boolean NOT NULL,
    is_active boolean NOT NULL,
    date_joined timestamp with time zone NOT NULL,
    first_name character varying(255) NOT NULL,
    last_name character varying(255) NOT NULL,
    birth_date date NOT NULL,
    nationality character varying(255) NOT NULL,
    email character varying(254) NOT NULL
);


ALTER TABLE public.custom_users_customuser OWNER TO bsadmin;

--
-- Name: custom_users_customuser_groups; Type: TABLE; Schema: public; Owner: bsadmin
--

CREATE TABLE public.custom_users_customuser_groups (
    id bigint NOT NULL,
    customuser_id bigint NOT NULL,
    group_id integer NOT NULL
);


ALTER TABLE public.custom_users_customuser_groups OWNER TO bsadmin;

--
-- Name: custom_users_customuser_groups_id_seq; Type: SEQUENCE; Schema: public; Owner: bsadmin
--

ALTER TABLE public.custom_users_customuser_groups ALTER COLUMN id ADD GENERATED BY DEFAULT AS IDENTITY (
    SEQUENCE NAME public.custom_users_customuser_groups_id_seq
    START WITH 1
    INCREMENT BY 1
    NO MINVALUE
    NO MAXVALUE
    CACHE 1
);


--
-- Name: custom_users_customuser_id_seq; Type: SEQUENCE; Schema: public; Owner: bsadmin
--

ALTER TABLE public.custom_users_customuser ALTER COLUMN id ADD GENERATED BY DEFAULT AS IDENTITY (
    SEQUENCE NAME public.custom_users_customuser_id_seq
    START WITH 1
    INCREMENT BY 1
    NO MINVALUE
    NO MAXVALUE
    CACHE 1
);


--
-- Name: custom_users_customuser_user_permissions; Type: TABLE; Schema: public; Owner: bsadmin
--

CREATE TABLE public.custom_users_customuser_user_permissions (
    id bigint NOT NULL,
    customuser_id bigint NOT NULL,
    permission_id integer NOT NULL
);


ALTER TABLE public.custom_users_customuser_user_permissions OWNER TO bsadmin;

--
-- Name: custom_users_customuser_user_permissions_id_seq; Type: SEQUENCE; Schema: public; Owner: bsadmin
--

ALTER TABLE public.custom_users_customuser_user_permissions ALTER COLUMN id ADD GENERATED BY DEFAULT AS IDENTITY (
    SEQUENCE NAME public.custom_users_customuser_user_permissions_id_seq
    START WITH 1
    INCREMENT BY 1
    NO MINVALUE
    NO MAXVALUE
    CACHE 1
);


--
-- Name: custom_users_loginpage; Type: TABLE; Schema: public; Owner: bsadmin
--

CREATE TABLE public.custom_users_loginpage (
    id bigint NOT NULL,
    instruction text NOT NULL,
    button character varying(255) NOT NULL,
    intro text NOT NULL,
    signup_intro character varying(255) NOT NULL,
    signup_link character varying(255) NOT NULL
);


ALTER TABLE public.custom_users_loginpage OWNER TO bsadmin;

--
-- Name: custom_users_loginpage_id_seq; Type: SEQUENCE; Schema: public; Owner: bsadmin
--

ALTER TABLE public.custom_users_loginpage ALTER COLUMN id ADD GENERATED BY DEFAULT AS IDENTITY (
    SEQUENCE NAME public.custom_users_loginpage_id_seq
    START WITH 1
    INCREMENT BY 1
    NO MINVALUE
    NO MAXVALUE
    CACHE 1
);


--
-- Name: custom_users_registerpage; Type: TABLE; Schema: public; Owner: bsadmin
--

CREATE TABLE public.custom_users_registerpage (
    id bigint NOT NULL,
    text_part2 text NOT NULL,
    login_text text NOT NULL,
    login_link character varying(255) NOT NULL,
    text_part1 text NOT NULL,
    button_end character varying(255) NOT NULL,
    confirmation_pre character varying(20) NOT NULL,
    confirmation_post text NOT NULL
);


ALTER TABLE public.custom_users_registerpage OWNER TO bsadmin;

--
-- Name: custom_users_registerpage_id_seq; Type: SEQUENCE; Schema: public; Owner: bsadmin
--

ALTER TABLE public.custom_users_registerpage ALTER COLUMN id ADD GENERATED BY DEFAULT AS IDENTITY (
    SEQUENCE NAME public.custom_users_registerpage_id_seq
    START WITH 1
    INCREMENT BY 1
    NO MINVALUE
    NO MAXVALUE
    CACHE 1
);


--
-- Name: django_admin_log; Type: TABLE; Schema: public; Owner: bsadmin
--

CREATE TABLE public.django_admin_log (
    id integer NOT NULL,
    action_time timestamp with time zone NOT NULL,
    object_id text,
    object_repr character varying(200) NOT NULL,
    action_flag smallint NOT NULL,
    change_message text NOT NULL,
    content_type_id integer,
    user_id bigint NOT NULL,
    CONSTRAINT django_admin_log_action_flag_check CHECK ((action_flag >= 0))
);


ALTER TABLE public.django_admin_log OWNER TO bsadmin;

--
-- Name: django_admin_log_id_seq; Type: SEQUENCE; Schema: public; Owner: bsadmin
--

ALTER TABLE public.django_admin_log ALTER COLUMN id ADD GENERATED BY DEFAULT AS IDENTITY (
    SEQUENCE NAME public.django_admin_log_id_seq
    START WITH 1
    INCREMENT BY 1
    NO MINVALUE
    NO MAXVALUE
    CACHE 1
);


--
-- Name: django_content_type; Type: TABLE; Schema: public; Owner: bsadmin
--

CREATE TABLE public.django_content_type (
    id integer NOT NULL,
    app_label character varying(100) NOT NULL,
    model character varying(100) NOT NULL
);


ALTER TABLE public.django_content_type OWNER TO bsadmin;

--
-- Name: django_content_type_id_seq; Type: SEQUENCE; Schema: public; Owner: bsadmin
--

ALTER TABLE public.django_content_type ALTER COLUMN id ADD GENERATED BY DEFAULT AS IDENTITY (
    SEQUENCE NAME public.django_content_type_id_seq
    START WITH 1
    INCREMENT BY 1
    NO MINVALUE
    NO MAXVALUE
    CACHE 1
);


--
-- Name: django_migrations; Type: TABLE; Schema: public; Owner: bsadmin
--

CREATE TABLE public.django_migrations (
    id bigint NOT NULL,
    app character varying(255) NOT NULL,
    name character varying(255) NOT NULL,
    applied timestamp with time zone NOT NULL
);


ALTER TABLE public.django_migrations OWNER TO bsadmin;

--
-- Name: django_migrations_id_seq; Type: SEQUENCE; Schema: public; Owner: bsadmin
--

ALTER TABLE public.django_migrations ALTER COLUMN id ADD GENERATED BY DEFAULT AS IDENTITY (
    SEQUENCE NAME public.django_migrations_id_seq
    START WITH 1
    INCREMENT BY 1
    NO MINVALUE
    NO MAXVALUE
    CACHE 1
);


--
-- Name: django_session; Type: TABLE; Schema: public; Owner: bsadmin
--

CREATE TABLE public.django_session (
    session_key character varying(40) NOT NULL,
    session_data text NOT NULL,
    expire_date timestamp with time zone NOT NULL
);


ALTER TABLE public.django_session OWNER TO bsadmin;

--
-- Name: home_homepage; Type: TABLE; Schema: public; Owner: bsadmin
--

CREATE TABLE public.home_homepage (
    id bigint NOT NULL,
    motto character varying(100) NOT NULL,
    instruction character varying(100) NOT NULL,
    error_not_found text NOT NULL
);


ALTER TABLE public.home_homepage OWNER TO bsadmin;

--
-- Name: home_homepage_id_seq; Type: SEQUENCE; Schema: public; Owner: bsadmin
--

ALTER TABLE public.home_homepage ALTER COLUMN id ADD GENERATED BY DEFAULT AS IDENTITY (
    SEQUENCE NAME public.home_homepage_id_seq
    START WITH 1
    INCREMENT BY 1
    NO MINVALUE
    NO MAXVALUE
    CACHE 1
);


--
-- Name: posts_post; Type: TABLE; Schema: public; Owner: bsadmin
--

CREATE TABLE public.posts_post (
    id uuid NOT NULL,
    title character varying(100) NOT NULL,
    audio character varying(100) NOT NULL,
    "timestamp" timestamp with time zone NOT NULL,
    author_id bigint NOT NULL
);


ALTER TABLE public.posts_post OWNER TO bsadmin;

--
-- Name: posts_recordpage; Type: TABLE; Schema: public; Owner: bsadmin
--

CREATE TABLE public.posts_recordpage (
    id bigint NOT NULL,
    step1_instruction text NOT NULL,
    step2_instruction text NOT NULL,
    step3_instruction text NOT NULL,
    step3_back character varying(20) NOT NULL,
    step3_forward character varying(20) NOT NULL,
    step4_instruction text NOT NULL,
    step4_back character varying(20) NOT NULL,
    step4_forward character varying(20) NOT NULL,
    confirmation_pre_title character varying(100) NOT NULL,
    confirmation_post_title text NOT NULL,
    confirmation_regret text NOT NULL,
    confirmation_remember text NOT NULL,
    error_text_1 text NOT NULL,
    error_text_2 text NOT NULL,
    error_back character varying(20) NOT NULL,
    error_forward character varying(20) NOT NULL,
    delete_success text NOT NULL,
    confirmation_generating character varying(100) NOT NULL,
    delete_ko text NOT NULL
);


ALTER TABLE public.posts_recordpage OWNER TO bsadmin;

--
-- Name: posts_recordpage_id_seq; Type: SEQUENCE; Schema: public; Owner: bsadmin
--

ALTER TABLE public.posts_recordpage ALTER COLUMN id ADD GENERATED BY DEFAULT AS IDENTITY (
    SEQUENCE NAME public.posts_recordpage_id_seq
    START WITH 1
    INCREMENT BY 1
    NO MINVALUE
    NO MAXVALUE
    CACHE 1
);


--
-- Data for Name: about_aboutpage; Type: TABLE DATA; Schema: public; Owner: bsadmin
--

COPY public.about_aboutpage (id, intro_text, ending_text_1, ending_text_2) FROM stdin;
1	Besound is a non-profit app aiming to bring you the richness of experimenting with sound and sharing it with the world	For safety reasons, only registered users can post sounds. That helps us track any abusive content. Your personal data will be stored safely.	Becoming a member is and will always remain free for everybody
\.


--
-- Data for Name: about_step; Type: TABLE DATA; Schema: public; Owner: bsadmin
--

COPY public.about_step (id, text, image, page_id) FROM stdin;
1	To record a sound,\r\npress the red circle	circle.svg	1
2	While it’s filled,\r\nrecording is taking place, \r\npress again to stop recording	circle-active.svg	1
3	Add an effect\r\nor leave it as it is	effects.svg	1
4	Remember, all the posts \r\nare completely anonymous <3		1
\.


--
-- Data for Name: auth_group; Type: TABLE DATA; Schema: public; Owner: bsadmin
--

COPY public.auth_group (id, name) FROM stdin;
\.


--
-- Data for Name: auth_group_permissions; Type: TABLE DATA; Schema: public; Owner: bsadmin
--

COPY public.auth_group_permissions (id, group_id, permission_id) FROM stdin;
\.


--
-- Data for Name: auth_permission; Type: TABLE DATA; Schema: public; Owner: bsadmin
--

COPY public.auth_permission (id, name, content_type_id, codename) FROM stdin;
1	Can add Token	1	add_token
2	Can change Token	1	change_token
3	Can delete Token	1	delete_token
4	Can view Token	1	view_token
5	Can add token	2	add_tokenproxy
6	Can change token	2	change_tokenproxy
7	Can delete token	2	delete_tokenproxy
8	Can view token	2	view_tokenproxy
9	Can add log entry	3	add_logentry
10	Can change log entry	3	change_logentry
11	Can delete log entry	3	delete_logentry
12	Can view log entry	3	view_logentry
13	Can add permission	4	add_permission
14	Can change permission	4	change_permission
15	Can delete permission	4	delete_permission
16	Can view permission	4	view_permission
17	Can add group	5	add_group
18	Can change group	5	change_group
19	Can delete group	5	delete_group
20	Can view group	5	view_group
21	Can add content type	6	add_contenttype
22	Can change content type	6	change_contenttype
23	Can delete content type	6	delete_contenttype
24	Can view content type	6	view_contenttype
25	Can add session	7	add_session
26	Can change session	7	change_session
27	Can delete session	7	delete_session
28	Can view session	7	view_session
29	Can add Home Page	8	add_homepage
30	Can change Home Page	8	change_homepage
31	Can delete Home Page	8	delete_homepage
32	Can view Home Page	8	view_homepage
33	Can add About Page	9	add_aboutpage
34	Can change About Page	9	change_aboutpage
35	Can delete About Page	9	delete_aboutpage
36	Can view About Page	9	view_aboutpage
37	Can add step	10	add_step
38	Can change step	10	change_step
39	Can delete step	10	delete_step
40	Can view step	10	view_step
41	Can add Login Page	11	add_loginpage
42	Can change Login Page	11	change_loginpage
43	Can delete Login Page	11	delete_loginpage
44	Can view Login Page	11	view_loginpage
45	Can add Register Page	12	add_registerpage
46	Can change Register Page	12	change_registerpage
47	Can delete Register Page	12	delete_registerpage
48	Can view Register Page	12	view_registerpage
49	Can add custom user	13	add_customuser
50	Can change custom user	13	change_customuser
51	Can delete custom user	13	delete_customuser
52	Can view custom user	13	view_customuser
53	Can add post	14	add_post
54	Can change post	14	change_post
55	Can delete post	14	delete_post
56	Can view post	14	view_post
57	Can add Record Page	15	add_recordpage
58	Can change Record Page	15	change_recordpage
59	Can delete Record Page	15	delete_recordpage
60	Can view Record Page	15	view_recordpage
\.


--
-- Data for Name: authtoken_token; Type: TABLE DATA; Schema: public; Owner: bsadmin
--

COPY public.authtoken_token (key, created, user_id) FROM stdin;
c165e25a1761920231e4e13597793530280990bb	2023-05-01 17:04:27.582152+02	9
4200556e339da1956de8a18a9a07bc67a4b0d0e4	2023-05-01 18:34:08.687601+02	11
\.


--
-- Data for Name: custom_users_customuser; Type: TABLE DATA; Schema: public; Owner: bsadmin
--

COPY public.custom_users_customuser (id, password, last_login, is_superuser, is_staff, is_active, date_joined, first_name, last_name, birth_date, nationality, email) FROM stdin;
9	pbkdf2_sha256$600000$2DRucwDK05elnUpjmjuTbh$RcWoW7sihPmQKUQiH7W4QRXVAN0FiTZGTYhRG2mEOQ0=	\N	f	f	t	2023-04-23 01:53:27.884869+02	Elsa	de Alfonso	2023-04-22	Raval	elsa@maneko.es
10	pbkdf2_sha256$600000$xFeBBNvN1v5vOg7KuAXlJE$7I8AssOSpt3iL3xf5c8jjjh61uiUs6F7A1hpCPEQPXI=	\N	f	f	t	2023-04-23 01:53:59.681883+02	Sé	No	2023-04-21	Alaska	edealfonso@uoc.edu
11	pbkdf2_sha256$600000$FzFZbiCV7AmryndSC3hAZJ$Ie/ADIbFNwEpOM+zdTjsqHzt4oo7bMLfdS9PW1P6uFI=	\N	f	f	t	2023-05-01 17:09:00.428567+02	Elsita	del Raval	1978-04-12	Raval	labuena2222@maneko.es
3	pbkdf2_sha256$600000$DEDkwo2SDij5emC35t7vub$rQLCeL23HF6JLu/sGf3LnyF4VLXXiSzXJnBFMO114MM=	2023-05-19 14:52:40.408757+02	t	t	t	2023-04-23 01:30:05.585568+02	Elsa	de Alfonso	1984-04-15	Spanish	elsa.de.alfonso@gmail.com
12	pbkdf2_sha256$600000$Ey6rFmDhLOxkCBuhmKwsfo$jErkVnOXu1AcY6uGF7whWSADzEVPfgLnIR0uQhScv+M=	\N	f	f	t	2023-05-29 10:39:14.157991+02	Elsita	del Raval	1978-04-12	Raval	aydemi@maneko.es
13	pbkdf2_sha256$600000$Z1Knq59I4lIirqz3T0y7RI$WOkTfWBWPTOqbezHEgP4f0Zu5XaE3PVhxO2/swUlgjI=	\N	f	f	t	2023-05-29 17:41:28.382198+02	Elsa	de Alfonso	2023-05-15	AL	labuena2222@maneko.ess
14	pbkdf2_sha256$600000$TDfuXdeoHitqwUxx70j6T8$uWLR7CEGfS8DmwiRgVeUQh3iqaPHyi7pT6x594zmYCU=	\N	f	f	t	2023-05-29 21:02:24.261068+02	Elsa	de Alfonso	2023-05-14	AG	nevermore@barry.mo
15	pbkdf2_sha256$600000$ThNLNH5wTqCv4sAhQwlgCp$uMfrHu4+aORv2GLAB9VLbx7v5NA04nT9EpJMXTbRAi4=	\N	f	f	t	2023-05-31 19:56:57.402109+02	easdsadsadasdasdsad	Elsa	2023-05-09	AS	mail@mail.com
16	pbkdf2_sha256$600000$rFV5VLx6CRMFKZFzP6n980$+D+E9pXZr/q6h//TEyYPNOyO6yA2ZmYuXQtk9nGes84=	\N	f	f	t	2023-06-01 19:53:12.669928+02	Elsa	de Alfonso	2018-05-08	DZ	labuena2222@maneko.ese
17	pbkdf2_sha256$600000$ketzPhcPFdtT5Rk7enZ2pI$11pL0V/N3du3fXbUxqQaKHsQamF44Ce+dU0kb3twtuU=	\N	f	f	t	2023-06-01 20:05:14.037099+02	Elsa	de Alfonso	2021-01-11	AS	hola@maneko.es
18	pbkdf2_sha256$600000$tZetu5Jiu4cGUECWaH3tWc$sCF+bWHcHvv2wjLuq94Rn5LtXGgLS5YyJqTcIuXkcug=	\N	f	f	t	2023-06-01 20:22:01.844072+02	Elsa	de Alfonso	1994-01-10	BT	hola2@maneko.es
\.


--
-- Data for Name: custom_users_customuser_groups; Type: TABLE DATA; Schema: public; Owner: bsadmin
--

COPY public.custom_users_customuser_groups (id, customuser_id, group_id) FROM stdin;
\.


--
-- Data for Name: custom_users_customuser_user_permissions; Type: TABLE DATA; Schema: public; Owner: bsadmin
--

COPY public.custom_users_customuser_user_permissions (id, customuser_id, permission_id) FROM stdin;
\.


--
-- Data for Name: custom_users_loginpage; Type: TABLE DATA; Schema: public; Owner: bsadmin
--

COPY public.custom_users_loginpage (id, instruction, button, intro, signup_intro, signup_link) FROM stdin;
1	enter your login data	Log in	only registered users can post sounds	not registered yet?	sign up here
\.


--
-- Data for Name: custom_users_registerpage; Type: TABLE DATA; Schema: public; Owner: bsadmin
--

COPY public.custom_users_registerpage (id, text_part2, login_text, login_link, text_part1, button_end, confirmation_pre, confirmation_post) FROM stdin;
1	set your login data	already registered?	log in here	to sign up, \r\nenter your contact details	Sign up	your email	has been \r\nsuccessfully registered
\.


--
-- Data for Name: django_admin_log; Type: TABLE DATA; Schema: public; Owner: bsadmin
--

COPY public.django_admin_log (id, action_time, object_id, object_repr, action_flag, change_message, content_type_id, user_id) FROM stdin;
1	2023-05-01 17:06:58.929434+02	1	Home Page	2	[{"changed": {"fields": ["Motto", "Instruction", "Error not found"]}}]	8	3
2	2023-05-01 17:08:25.472204+02	1	Home Page	2	[{"changed": {"fields": ["Error not found"]}}]	8	3
3	2023-05-13 13:55:38.980668+02	4d8ef1ab-21a0-43b3-94cc-cc0cd0feb7ad	ma--best--awit	2	[{"changed": {"fields": ["Audio"]}}]	14	3
4	2023-05-13 14:04:58.198367+02	dd7c7c76-e4b7-4e8b-90f4-1910dca7b46f	nonesenseasasas	2	[{"changed": {"fields": ["Audio"]}}]	14	3
5	2023-05-13 14:05:24.087458+02	727a3669-5fba-4786-8ef7-f2c3fb4a86ad	sas	2	[{"changed": {"fields": ["Audio"]}}]	14	3
6	2023-05-19 14:53:36.145831+02	ff42124e-ab45-4431-8749-a727eedb4aca	ASDASD	3		14	3
7	2023-05-19 14:53:36.151168+02	6648b371-8a1d-423c-872d-440bfaa507e6	Un título2222	3		14	3
8	2023-05-19 14:53:36.195819+02	588754a2-cc8c-4ea3-9671-d9f7875e0631	Un título	3		14	3
9	2023-05-19 14:53:36.197648+02	4eca0141-b503-4f76-b7ae-00a46a11d556	Un título222	3		14	3
10	2023-05-19 14:53:36.19917+02	24986acc-429e-416f-b156-0b23fa4efdb4	testing	3		14	3
11	2023-05-19 14:53:36.201022+02	141ba6a8-bca5-4e8d-8c1e-a0218c3a3344	neverMORE	3		14	3
12	2023-05-19 14:53:36.203684+02	087439e6-dfca-4bd2-b2ee-2657848ddf7f	xiulant	3		14	3
13	2023-05-19 14:53:59.967407+02	3c250f37-5401-4866-a240-c9f1575fa1c0	sas222	3		14	3
14	2023-05-19 22:03:21.575106+02	acce2af5-2047-4a11-aa01-a9eeebc44a12	asdasd	3		14	3
15	2023-05-19 22:03:21.578754+02	85b1aa78-d941-4910-8f69-f1b48b729f4e	asdasd	3		14	3
16	2023-05-19 22:23:12.809121+02	1	Record Page	2	[{"changed": {"fields": ["Confirmation generating", "Delete ko"]}}]	15	3
17	2023-05-29 12:34:29.128538+02	1	Login Page	2	[{"changed": {"fields": ["Intro", "Signup intro", "Signup link"]}}]	11	3
18	2023-05-29 12:41:56.205886+02	1	Register Page	2	[{"changed": {"fields": ["Login link"]}}]	12	3
19	2023-05-29 12:42:31.602693+02	1	Register Page	2	[{"changed": {"fields": ["Text part2"]}}]	12	3
20	2023-05-30 17:38:33.118308+02	daa4d857-ed97-4d83-bc29-31ea7fdf25b0	cc	3		14	3
21	2023-05-30 17:38:33.121555+02	2ba60449-6e9f-4002-825f-d803e1a750e4	no-comprendo	3		14	3
22	2023-05-30 17:38:33.123395+02	14c93953-e545-494e-91bc-53bd822f6b0d	FFFF	3		14	3
23	2023-05-30 17:38:33.124895+02	cbcd18ad-63b1-455f-8743-b6ab22b2fb85	kjkjkjkjkjkj	3		14	3
24	2023-05-30 17:38:33.125895+02	7d2bcd67-33e6-409d-9b65-74973d37f959	lento	3		14	3
25	2023-05-30 17:38:33.126783+02	5725c1b7-8bc4-4628-ada6-5879dfc8e981	ljljljljljllj	3		14	3
26	2023-05-30 17:38:33.1276+02	832601a9-e540-40cd-845e-07f5a269cb55	nopuc-mes	3		14	3
27	2023-05-30 17:38:33.128318+02	f2a942c7-7787-4ca1-9a1d-e847ef4dd4a5	madonna-is-real	3		14	3
28	2023-05-30 17:38:33.129096+02	9d59436b-7a49-44b6-b29b-704a33d9c0ca	ddddddd	3		14	3
29	2023-05-30 17:38:33.129998+02	b1ec8034-5b48-4407-9e04-3b3f12f51589	cave-test	3		14	3
30	2023-05-30 17:38:33.130956+02	eaa5f6fb-c540-4695-b3f0-66bda04332e6	ok-let-me-know	3		14	3
31	2023-05-30 17:38:33.131763+02	39e427c0-a760-41d0-8b7a-d52243f1a868	now-wer-re-talking	3		14	3
32	2023-05-30 17:38:33.132456+02	758d9fcd-27b5-4bd8-b576-cb89c02ae32f	tone-js-is-here	3		14	3
33	2023-05-30 17:38:33.133528+02	211c1b3d-72ad-4ba8-b9f1-8d390eafc664	vanilla	3		14	3
34	2023-05-30 17:38:33.13465+02	450c2493-c63d-452d-bccc-86df5f03abee	wwwwww	3		14	3
35	2023-05-30 17:38:33.135363+02	c8236980-78eb-44cc-b73f-c66e06f3c9d7	asd	3		14	3
36	2023-05-30 17:38:33.137428+02	dd7c7c76-e4b7-4e8b-90f4-1910dca7b46f	nonesenseasasas	3		14	3
37	2023-06-01 19:35:15.613995+02	1	Register Page	2	[{"changed": {"fields": ["Confirmation post"]}}]	12	3
\.


--
-- Data for Name: django_content_type; Type: TABLE DATA; Schema: public; Owner: bsadmin
--

COPY public.django_content_type (id, app_label, model) FROM stdin;
1	authtoken	token
2	authtoken	tokenproxy
3	admin	logentry
4	auth	permission
5	auth	group
6	contenttypes	contenttype
7	sessions	session
8	home	homepage
9	about	aboutpage
10	about	step
11	custom_users	loginpage
12	custom_users	registerpage
13	custom_users	customuser
14	posts	post
15	posts	recordpage
\.


--
-- Data for Name: django_migrations; Type: TABLE DATA; Schema: public; Owner: bsadmin
--

COPY public.django_migrations (id, app, name, applied) FROM stdin;
1	about	0001_initial	2023-05-01 17:01:34.336298+02
2	contenttypes	0001_initial	2023-05-01 17:01:34.345089+02
3	contenttypes	0002_remove_content_type_name	2023-05-01 17:01:34.35359+02
4	auth	0001_initial	2023-05-01 17:01:34.386045+02
5	auth	0002_alter_permission_name_max_length	2023-05-01 17:01:34.391502+02
6	auth	0003_alter_user_email_max_length	2023-05-01 17:01:34.398672+02
7	auth	0004_alter_user_username_opts	2023-05-01 17:01:34.404486+02
8	auth	0005_alter_user_last_login_null	2023-05-01 17:01:34.410587+02
9	auth	0006_require_contenttypes_0002	2023-05-01 17:01:34.412903+02
10	auth	0007_alter_validators_add_error_messages	2023-05-01 17:01:34.418546+02
11	auth	0008_alter_user_username_max_length	2023-05-01 17:01:34.425195+02
12	auth	0009_alter_user_last_name_max_length	2023-05-01 17:01:34.431147+02
13	auth	0010_alter_group_name_max_length	2023-05-01 17:01:34.438052+02
14	auth	0011_update_proxy_permissions	2023-05-01 17:01:34.445366+02
15	auth	0012_alter_user_first_name_max_length	2023-05-01 17:01:34.451277+02
16	custom_users	0001_initial	2023-05-01 17:01:34.49446+02
17	admin	0001_initial	2023-05-01 17:01:34.553305+02
18	admin	0002_logentry_remove_auto_add	2023-05-01 17:01:34.564163+02
19	admin	0003_logentry_add_action_flag_choices	2023-05-01 17:01:34.573192+02
20	authtoken	0001_initial	2023-05-01 17:01:34.587792+02
21	authtoken	0002_auto_20160226_1747	2023-05-01 17:01:34.615764+02
22	authtoken	0003_tokenproxy	2023-05-01 17:01:34.618869+02
23	home	0001_initial	2023-05-01 17:01:34.625048+02
24	posts	0001_initial	2023-05-01 17:01:34.641762+02
25	sessions	0001_initial	2023-05-01 17:01:34.652574+02
26	posts	0002_post_author	2023-05-01 17:03:13.836901+02
27	posts	0003_rename_name_post_title	2023-05-01 19:39:39.369441+02
28	posts	0004_rename_confirmation_post_name_recordpage_confirmation_post_title_and_more	2023-05-01 19:41:55.077763+02
29	posts	0005_remove_post_slug	2023-05-01 19:47:15.827197+02
30	posts	0006_alter_post_title	2023-05-01 23:09:43.067772+02
31	posts	0007_rename_phase1_instruction_recordpage_step1_instruction_and_more	2023-05-13 17:49:30.315767+02
32	posts	0008_alter_post_title	2023-05-19 16:41:44.230262+02
33	posts	0009_alter_post_options_and_more	2023-05-19 22:15:37.057531+02
34	custom_users	0002_rename_text_2_registerpage_text_login_and_more	2023-05-29 12:32:48.915181+02
35	custom_users	0003_rename_button_login_registerpage_login_link_and_more	2023-05-29 12:36:44.999336+02
\.


--
-- Data for Name: django_session; Type: TABLE DATA; Schema: public; Owner: bsadmin
--

COPY public.django_session (session_key, session_data, expire_date) FROM stdin;
hp4z5v0qtq966zl7h4a51ho0zn6a9r6p	.eJxVjMsOwiAQRf-FtSE8BgSX7vsNZIaHVA0kpV0Z_12bdKHbe865LxZwW2vYRl7CnNiFaXb63QjjI7cdpDu2W-ext3WZie8KP-jgU0_5eT3cv4OKo37rYgwaqYx3xkoiBzoWEkXYlKJXDtAr7SiTBakBBMizwkw-ewdOKBPZ-wPNfTcX:1ptV2c:SSV-aUhGk3bIsEYkrfeEYN_q_ZADNQp0z0TnX7B-pms	2023-05-15 17:02:14.684074+02
2kuen7o0npkx4ogdm4bxs9h32zflf63b	.eJxVjMsOwiAQRf-FtSE8BgSX7vsNZIaHVA0kpV0Z_12bdKHbe865LxZwW2vYRl7CnNiFaXb63QjjI7cdpDu2W-ext3WZie8KP-jgU0_5eT3cv4OKo37rYgwaqYx3xkoiBzoWEkXYlKJXDtAr7SiTBakBBMizwkw-ewdOKBPZ-wPNfTcX:1pxnpQ:vhyJvqVmDqyL6olG78_wLz9pjiCLkSxaYlndYyMeLBg	2023-05-27 13:54:24.03684+02
ew8klpbdnzwi63q9gf9s6ip29086him6	.eJxVjMsOwiAQRf-FtSE8BgSX7vsNZIaHVA0kpV0Z_12bdKHbe865LxZwW2vYRl7CnNiFaXb63QjjI7cdpDu2W-ext3WZie8KP-jgU0_5eT3cv4OKo37rYgwaqYx3xkoiBzoWEkXYlKJXDtAr7SiTBakBBMizwkw-ewdOKBPZ-wPNfTcX:1pzzb6:fbl_aKiRf7JZXUZ72thsoPsSpgElmxjMJZhTXrEsqls	2023-06-02 14:52:40.414244+02
\.


--
-- Data for Name: home_homepage; Type: TABLE DATA; Schema: public; Owner: bsadmin
--

COPY public.home_homepage (id, motto, instruction, error_not_found) FROM stdin;
1	Sound experiences to share	tap to hear	Sorry, we are not able to process your request. \r\nPost might be too old or URL might be corrupt.
\.


--
-- Data for Name: posts_post; Type: TABLE DATA; Schema: public; Owner: bsadmin
--

COPY public.posts_post (id, title, audio, "timestamp", author_id) FROM stdin;
4d8ef1ab-21a0-43b3-94cc-cc0cd0feb7ad	ma--best--awit	audio/gato.mp3	2023-05-01 17:57:10.814286+02	9
727a3669-5fba-4786-8ef7-f2c3fb4a86ad	sas	audio/snippets07_s4Lk4jE.mp3	2023-05-01 22:58:35.97438+02	9
b178e3d7-89cb-4bdf-8ceb-e147abe857f6	too-much	audio/audio-1684499432430.mp3	2023-05-19 14:30:32.502547+02	9
cbb35363-6c30-4354-af37-05afd27af8cc	catsoundsssss	audio/gato_22KXSTf.mp3	2023-05-19 15:47:54.371523+02	9
16beecc1-6776-42db-8327-a1c484f103f7	YEAHHHH	audio/audio-1684507094168.mp3	2023-05-19 16:38:14.287814+02	9
8b0bd611-5e25-4902-86c6-60be81203df5	have-some-phun	audio/audio-1684507710373.mp3	2023-05-19 16:48:30.42578+02	9
540845fa-308c-473b-86fe-965700179972	whistle-in-the-cave	audio/audio-1684508102240.mp3	2023-05-19 16:55:02.277607+02	9
10fa6528-d8f0-4d3e-b12a-e30a0d4fa42c	chapa-importante	audio/audio-1684508806525.mp3	2023-05-19 17:06:46.581374+02	9
2775314c-9be9-4b7a-bfa3-ef769d0adfe4	vamos	audio/audio-1684509710320.mp3	2023-05-19 17:21:50.354338+02	9
9bbaf182-9ebc-491d-8845-7e3821921eca	saasasdffcccc	audio/audio-1684509835497.mp3	2023-05-19 17:23:55.549087+02	9
7dbd7b48-fc02-4339-8ff3-b92234800850	elisabet	audio/audio-1684520435435.mp3	2023-05-19 20:20:35.466438+02	9
909bbc83-6fe9-4b68-b718-f85211c3aa15	fiu	audio/audio-1684520528307.mp3	2023-05-19 20:22:08.352148+02	9
1940df58-df97-42ef-98bf-604e71b537d4	el-ritmo-devida	audio/audio-1684520807244.mp3	2023-05-19 20:26:47.293958+02	9
ce65e69f-e6ae-4ca9-992c-3c01612b6ff3	elmuseo	audio/audio-1684520856737.mp3	2023-05-19 20:27:36.783073+02	9
4fb383d2-05b9-47fe-be58-ae38abdb945c	birds	audio/audio-1684521176235.mp3	2023-05-19 20:32:56.284476+02	9
23fe0eba-925e-43e1-80bb-39946f538e73	lo-bat	audio/audio-1684525360529.mp3	2023-05-19 21:42:40.568362+02	9
69652956-0604-4f0e-bbdc-6acd34eeaa7f	cavesounds	audio/audio-1684577591939.mp3	2023-05-20 12:13:11.998667+02	9
0d34918d-fc6a-4ba6-ad1a-b1659dda3e34	esto-funciona	audio/audio-1684598789062.mp3	2023-05-20 18:06:29.111322+02	9
1c30866f-961a-4b28-b993-39d12f4c0abb	livin.the-scene	audio/audio-1684689747165.mp3	2023-05-21 19:22:27.251015+02	9
1816d55b-b3ed-4000-ad96-d5e6cb2a8eea	hola	audio/audio-1684690131114.mp3	2023-05-21 19:28:51.148304+02	9
84f02f22-df89-47e8-87e6-5c9b3bd4a1f4	muac	audio/audio-1684694781915.mp3	2023-05-21 20:46:21.952055+02	9
0f1082aa-cc8e-4b8a-8551-d567b20434df	chirpi	audio/audio-1684709924629.mp3	2023-05-22 00:58:44.668182+02	9
4193ac78-039f-4f39-ac9d-6dd947b95afa	Silbidos-extremos	audio/audio-1685030664146.mp3	2023-05-25 18:04:24.210943+02	9
99089965-eec2-45a5-bee3-98d5131c51d0	cccccccc	audio/audio-1685031863668.mp3	2023-05-25 18:24:23.699434+02	11
0001735e-41f9-4f6a-abf0-e63609c63cfa	efecto-random	audio/audio-1685202247715.mp3	2023-05-27 17:44:07.76319+02	11
f2c2fac3-7553-4830-974d-6fe4cdbc58c2	darth-vader	audio/audio-1685378773471.mp3	2023-05-29 18:46:13.553906+02	11
67cead8a-fe8a-4be6-83a6-06d69cd8f991	lowbattt................................	audio/audio-1685461392551.mp3	2023-05-30 17:43:12.593183+02	11
0d221f03-b920-49e4-8e10-ee57e89406f2	ddd	audio/audio-1685642491127.mp3	2023-06-01 20:01:31.154969+02	11
4c452ede-b6b4-41c7-97a0-a297f57ec457	prueba-para-el-trabajo-final	audio/audio-1685644069138.mp3	2023-06-01 20:27:49.225448+02	11
\.


--
-- Data for Name: posts_recordpage; Type: TABLE DATA; Schema: public; Owner: bsadmin
--

COPY public.posts_recordpage (id, step1_instruction, step2_instruction, step3_instruction, step3_back, step3_forward, step4_instruction, step4_back, step4_forward, confirmation_pre_title, confirmation_post_title, confirmation_regret, confirmation_remember, error_text_1, error_text_2, error_back, error_forward, delete_success, confirmation_generating, delete_ko) FROM stdin;
1	<p>press circle to <strong>start</strong> recording</p>	<p>press circle to <strong>stop</strong> recording</p>	<p>choose an <strong>effect</strong></p>	Start again	OK	<p>give your sound a <strong>name</strong></p>	Go back	Share!	your sound	has been\r\nsuccessfully posted	I regret all this!\r\nPlease remove the post	Remember, all the posts \r\nare completely anonymous <3	Are you sure?	This action will permanently\r\nerase all audio recordings	Take me back	Accept	your sound has been\r\nsuccessfully deleted	Soundcasting	we couldn't process the request. please contact us with code:
\.


--
-- Name: about_aboutpage_id_seq; Type: SEQUENCE SET; Schema: public; Owner: bsadmin
--

SELECT pg_catalog.setval('public.about_aboutpage_id_seq', 1, false);


--
-- Name: about_step_id_seq; Type: SEQUENCE SET; Schema: public; Owner: bsadmin
--

SELECT pg_catalog.setval('public.about_step_id_seq', 4, true);


--
-- Name: auth_group_id_seq; Type: SEQUENCE SET; Schema: public; Owner: bsadmin
--

SELECT pg_catalog.setval('public.auth_group_id_seq', 1, false);


--
-- Name: auth_group_permissions_id_seq; Type: SEQUENCE SET; Schema: public; Owner: bsadmin
--

SELECT pg_catalog.setval('public.auth_group_permissions_id_seq', 1, false);


--
-- Name: auth_permission_id_seq; Type: SEQUENCE SET; Schema: public; Owner: bsadmin
--

SELECT pg_catalog.setval('public.auth_permission_id_seq', 60, true);


--
-- Name: custom_users_customuser_groups_id_seq; Type: SEQUENCE SET; Schema: public; Owner: bsadmin
--

SELECT pg_catalog.setval('public.custom_users_customuser_groups_id_seq', 1, false);


--
-- Name: custom_users_customuser_id_seq; Type: SEQUENCE SET; Schema: public; Owner: bsadmin
--

SELECT pg_catalog.setval('public.custom_users_customuser_id_seq', 18, true);


--
-- Name: custom_users_customuser_user_permissions_id_seq; Type: SEQUENCE SET; Schema: public; Owner: bsadmin
--

SELECT pg_catalog.setval('public.custom_users_customuser_user_permissions_id_seq', 1, false);


--
-- Name: custom_users_loginpage_id_seq; Type: SEQUENCE SET; Schema: public; Owner: bsadmin
--

SELECT pg_catalog.setval('public.custom_users_loginpage_id_seq', 1, false);


--
-- Name: custom_users_registerpage_id_seq; Type: SEQUENCE SET; Schema: public; Owner: bsadmin
--

SELECT pg_catalog.setval('public.custom_users_registerpage_id_seq', 1, false);


--
-- Name: django_admin_log_id_seq; Type: SEQUENCE SET; Schema: public; Owner: bsadmin
--

SELECT pg_catalog.setval('public.django_admin_log_id_seq', 37, true);


--
-- Name: django_content_type_id_seq; Type: SEQUENCE SET; Schema: public; Owner: bsadmin
--

SELECT pg_catalog.setval('public.django_content_type_id_seq', 15, true);


--
-- Name: django_migrations_id_seq; Type: SEQUENCE SET; Schema: public; Owner: bsadmin
--

SELECT pg_catalog.setval('public.django_migrations_id_seq', 35, true);


--
-- Name: home_homepage_id_seq; Type: SEQUENCE SET; Schema: public; Owner: bsadmin
--

SELECT pg_catalog.setval('public.home_homepage_id_seq', 1, false);


--
-- Name: posts_recordpage_id_seq; Type: SEQUENCE SET; Schema: public; Owner: bsadmin
--

SELECT pg_catalog.setval('public.posts_recordpage_id_seq', 1, false);


--
-- Name: about_aboutpage about_aboutpage_pkey; Type: CONSTRAINT; Schema: public; Owner: bsadmin
--

ALTER TABLE ONLY public.about_aboutpage
    ADD CONSTRAINT about_aboutpage_pkey PRIMARY KEY (id);


--
-- Name: about_step about_step_pkey; Type: CONSTRAINT; Schema: public; Owner: bsadmin
--

ALTER TABLE ONLY public.about_step
    ADD CONSTRAINT about_step_pkey PRIMARY KEY (id);


--
-- Name: auth_group auth_group_name_key; Type: CONSTRAINT; Schema: public; Owner: bsadmin
--

ALTER TABLE ONLY public.auth_group
    ADD CONSTRAINT auth_group_name_key UNIQUE (name);


--
-- Name: auth_group_permissions auth_group_permissions_group_id_permission_id_0cd325b0_uniq; Type: CONSTRAINT; Schema: public; Owner: bsadmin
--

ALTER TABLE ONLY public.auth_group_permissions
    ADD CONSTRAINT auth_group_permissions_group_id_permission_id_0cd325b0_uniq UNIQUE (group_id, permission_id);


--
-- Name: auth_group_permissions auth_group_permissions_pkey; Type: CONSTRAINT; Schema: public; Owner: bsadmin
--

ALTER TABLE ONLY public.auth_group_permissions
    ADD CONSTRAINT auth_group_permissions_pkey PRIMARY KEY (id);


--
-- Name: auth_group auth_group_pkey; Type: CONSTRAINT; Schema: public; Owner: bsadmin
--

ALTER TABLE ONLY public.auth_group
    ADD CONSTRAINT auth_group_pkey PRIMARY KEY (id);


--
-- Name: auth_permission auth_permission_content_type_id_codename_01ab375a_uniq; Type: CONSTRAINT; Schema: public; Owner: bsadmin
--

ALTER TABLE ONLY public.auth_permission
    ADD CONSTRAINT auth_permission_content_type_id_codename_01ab375a_uniq UNIQUE (content_type_id, codename);


--
-- Name: auth_permission auth_permission_pkey; Type: CONSTRAINT; Schema: public; Owner: bsadmin
--

ALTER TABLE ONLY public.auth_permission
    ADD CONSTRAINT auth_permission_pkey PRIMARY KEY (id);


--
-- Name: authtoken_token authtoken_token_pkey; Type: CONSTRAINT; Schema: public; Owner: bsadmin
--

ALTER TABLE ONLY public.authtoken_token
    ADD CONSTRAINT authtoken_token_pkey PRIMARY KEY (key);


--
-- Name: authtoken_token authtoken_token_user_id_key; Type: CONSTRAINT; Schema: public; Owner: bsadmin
--

ALTER TABLE ONLY public.authtoken_token
    ADD CONSTRAINT authtoken_token_user_id_key UNIQUE (user_id);


--
-- Name: custom_users_customuser_groups custom_users_customuser__customuser_id_group_id_51ba2919_uniq; Type: CONSTRAINT; Schema: public; Owner: bsadmin
--

ALTER TABLE ONLY public.custom_users_customuser_groups
    ADD CONSTRAINT custom_users_customuser__customuser_id_group_id_51ba2919_uniq UNIQUE (customuser_id, group_id);


--
-- Name: custom_users_customuser_user_permissions custom_users_customuser__customuser_id_permission_7175985e_uniq; Type: CONSTRAINT; Schema: public; Owner: bsadmin
--

ALTER TABLE ONLY public.custom_users_customuser_user_permissions
    ADD CONSTRAINT custom_users_customuser__customuser_id_permission_7175985e_uniq UNIQUE (customuser_id, permission_id);


--
-- Name: custom_users_customuser custom_users_customuser_email_key; Type: CONSTRAINT; Schema: public; Owner: bsadmin
--

ALTER TABLE ONLY public.custom_users_customuser
    ADD CONSTRAINT custom_users_customuser_email_key UNIQUE (email);


--
-- Name: custom_users_customuser_groups custom_users_customuser_groups_pkey; Type: CONSTRAINT; Schema: public; Owner: bsadmin
--

ALTER TABLE ONLY public.custom_users_customuser_groups
    ADD CONSTRAINT custom_users_customuser_groups_pkey PRIMARY KEY (id);


--
-- Name: custom_users_customuser custom_users_customuser_pkey; Type: CONSTRAINT; Schema: public; Owner: bsadmin
--

ALTER TABLE ONLY public.custom_users_customuser
    ADD CONSTRAINT custom_users_customuser_pkey PRIMARY KEY (id);


--
-- Name: custom_users_customuser_user_permissions custom_users_customuser_user_permissions_pkey; Type: CONSTRAINT; Schema: public; Owner: bsadmin
--

ALTER TABLE ONLY public.custom_users_customuser_user_permissions
    ADD CONSTRAINT custom_users_customuser_user_permissions_pkey PRIMARY KEY (id);


--
-- Name: custom_users_loginpage custom_users_loginpage_pkey; Type: CONSTRAINT; Schema: public; Owner: bsadmin
--

ALTER TABLE ONLY public.custom_users_loginpage
    ADD CONSTRAINT custom_users_loginpage_pkey PRIMARY KEY (id);


--
-- Name: custom_users_registerpage custom_users_registerpage_pkey; Type: CONSTRAINT; Schema: public; Owner: bsadmin
--

ALTER TABLE ONLY public.custom_users_registerpage
    ADD CONSTRAINT custom_users_registerpage_pkey PRIMARY KEY (id);


--
-- Name: django_admin_log django_admin_log_pkey; Type: CONSTRAINT; Schema: public; Owner: bsadmin
--

ALTER TABLE ONLY public.django_admin_log
    ADD CONSTRAINT django_admin_log_pkey PRIMARY KEY (id);


--
-- Name: django_content_type django_content_type_app_label_model_76bd3d3b_uniq; Type: CONSTRAINT; Schema: public; Owner: bsadmin
--

ALTER TABLE ONLY public.django_content_type
    ADD CONSTRAINT django_content_type_app_label_model_76bd3d3b_uniq UNIQUE (app_label, model);


--
-- Name: django_content_type django_content_type_pkey; Type: CONSTRAINT; Schema: public; Owner: bsadmin
--

ALTER TABLE ONLY public.django_content_type
    ADD CONSTRAINT django_content_type_pkey PRIMARY KEY (id);


--
-- Name: django_migrations django_migrations_pkey; Type: CONSTRAINT; Schema: public; Owner: bsadmin
--

ALTER TABLE ONLY public.django_migrations
    ADD CONSTRAINT django_migrations_pkey PRIMARY KEY (id);


--
-- Name: django_session django_session_pkey; Type: CONSTRAINT; Schema: public; Owner: bsadmin
--

ALTER TABLE ONLY public.django_session
    ADD CONSTRAINT django_session_pkey PRIMARY KEY (session_key);


--
-- Name: home_homepage home_homepage_pkey; Type: CONSTRAINT; Schema: public; Owner: bsadmin
--

ALTER TABLE ONLY public.home_homepage
    ADD CONSTRAINT home_homepage_pkey PRIMARY KEY (id);


--
-- Name: posts_post posts_post_pkey; Type: CONSTRAINT; Schema: public; Owner: bsadmin
--

ALTER TABLE ONLY public.posts_post
    ADD CONSTRAINT posts_post_pkey PRIMARY KEY (id);


--
-- Name: posts_recordpage posts_recordpage_pkey; Type: CONSTRAINT; Schema: public; Owner: bsadmin
--

ALTER TABLE ONLY public.posts_recordpage
    ADD CONSTRAINT posts_recordpage_pkey PRIMARY KEY (id);


--
-- Name: about_step_page_id_75235092; Type: INDEX; Schema: public; Owner: bsadmin
--

CREATE INDEX about_step_page_id_75235092 ON public.about_step USING btree (page_id);


--
-- Name: auth_group_name_a6ea08ec_like; Type: INDEX; Schema: public; Owner: bsadmin
--

CREATE INDEX auth_group_name_a6ea08ec_like ON public.auth_group USING btree (name varchar_pattern_ops);


--
-- Name: auth_group_permissions_group_id_b120cbf9; Type: INDEX; Schema: public; Owner: bsadmin
--

CREATE INDEX auth_group_permissions_group_id_b120cbf9 ON public.auth_group_permissions USING btree (group_id);


--
-- Name: auth_group_permissions_permission_id_84c5c92e; Type: INDEX; Schema: public; Owner: bsadmin
--

CREATE INDEX auth_group_permissions_permission_id_84c5c92e ON public.auth_group_permissions USING btree (permission_id);


--
-- Name: auth_permission_content_type_id_2f476e4b; Type: INDEX; Schema: public; Owner: bsadmin
--

CREATE INDEX auth_permission_content_type_id_2f476e4b ON public.auth_permission USING btree (content_type_id);


--
-- Name: authtoken_token_key_10f0b77e_like; Type: INDEX; Schema: public; Owner: bsadmin
--

CREATE INDEX authtoken_token_key_10f0b77e_like ON public.authtoken_token USING btree (key varchar_pattern_ops);


--
-- Name: custom_users_customuser_email_986d0466_like; Type: INDEX; Schema: public; Owner: bsadmin
--

CREATE INDEX custom_users_customuser_email_986d0466_like ON public.custom_users_customuser USING btree (email varchar_pattern_ops);


--
-- Name: custom_users_customuser_groups_customuser_id_e932fab1; Type: INDEX; Schema: public; Owner: bsadmin
--

CREATE INDEX custom_users_customuser_groups_customuser_id_e932fab1 ON public.custom_users_customuser_groups USING btree (customuser_id);


--
-- Name: custom_users_customuser_groups_group_id_2a1c531c; Type: INDEX; Schema: public; Owner: bsadmin
--

CREATE INDEX custom_users_customuser_groups_group_id_2a1c531c ON public.custom_users_customuser_groups USING btree (group_id);


--
-- Name: custom_users_customuser_user_permissions_customuser_id_5aab7814; Type: INDEX; Schema: public; Owner: bsadmin
--

CREATE INDEX custom_users_customuser_user_permissions_customuser_id_5aab7814 ON public.custom_users_customuser_user_permissions USING btree (customuser_id);


--
-- Name: custom_users_customuser_user_permissions_permission_id_665a3b52; Type: INDEX; Schema: public; Owner: bsadmin
--

CREATE INDEX custom_users_customuser_user_permissions_permission_id_665a3b52 ON public.custom_users_customuser_user_permissions USING btree (permission_id);


--
-- Name: django_admin_log_content_type_id_c4bce8eb; Type: INDEX; Schema: public; Owner: bsadmin
--

CREATE INDEX django_admin_log_content_type_id_c4bce8eb ON public.django_admin_log USING btree (content_type_id);


--
-- Name: django_admin_log_user_id_c564eba6; Type: INDEX; Schema: public; Owner: bsadmin
--

CREATE INDEX django_admin_log_user_id_c564eba6 ON public.django_admin_log USING btree (user_id);


--
-- Name: django_session_expire_date_a5c62663; Type: INDEX; Schema: public; Owner: bsadmin
--

CREATE INDEX django_session_expire_date_a5c62663 ON public.django_session USING btree (expire_date);


--
-- Name: django_session_session_key_c0390e0f_like; Type: INDEX; Schema: public; Owner: bsadmin
--

CREATE INDEX django_session_session_key_c0390e0f_like ON public.django_session USING btree (session_key varchar_pattern_ops);


--
-- Name: posts_post_author_id_fe5487bf; Type: INDEX; Schema: public; Owner: bsadmin
--

CREATE INDEX posts_post_author_id_fe5487bf ON public.posts_post USING btree (author_id);


--
-- Name: about_step about_step_page_id_75235092_fk_about_aboutpage_id; Type: FK CONSTRAINT; Schema: public; Owner: bsadmin
--

ALTER TABLE ONLY public.about_step
    ADD CONSTRAINT about_step_page_id_75235092_fk_about_aboutpage_id FOREIGN KEY (page_id) REFERENCES public.about_aboutpage(id) DEFERRABLE INITIALLY DEFERRED;


--
-- Name: auth_group_permissions auth_group_permissio_permission_id_84c5c92e_fk_auth_perm; Type: FK CONSTRAINT; Schema: public; Owner: bsadmin
--

ALTER TABLE ONLY public.auth_group_permissions
    ADD CONSTRAINT auth_group_permissio_permission_id_84c5c92e_fk_auth_perm FOREIGN KEY (permission_id) REFERENCES public.auth_permission(id) DEFERRABLE INITIALLY DEFERRED;


--
-- Name: auth_group_permissions auth_group_permissions_group_id_b120cbf9_fk_auth_group_id; Type: FK CONSTRAINT; Schema: public; Owner: bsadmin
--

ALTER TABLE ONLY public.auth_group_permissions
    ADD CONSTRAINT auth_group_permissions_group_id_b120cbf9_fk_auth_group_id FOREIGN KEY (group_id) REFERENCES public.auth_group(id) DEFERRABLE INITIALLY DEFERRED;


--
-- Name: auth_permission auth_permission_content_type_id_2f476e4b_fk_django_co; Type: FK CONSTRAINT; Schema: public; Owner: bsadmin
--

ALTER TABLE ONLY public.auth_permission
    ADD CONSTRAINT auth_permission_content_type_id_2f476e4b_fk_django_co FOREIGN KEY (content_type_id) REFERENCES public.django_content_type(id) DEFERRABLE INITIALLY DEFERRED;


--
-- Name: authtoken_token authtoken_token_user_id_35299eff_fk_custom_users_customuser_id; Type: FK CONSTRAINT; Schema: public; Owner: bsadmin
--

ALTER TABLE ONLY public.authtoken_token
    ADD CONSTRAINT authtoken_token_user_id_35299eff_fk_custom_users_customuser_id FOREIGN KEY (user_id) REFERENCES public.custom_users_customuser(id) DEFERRABLE INITIALLY DEFERRED;


--
-- Name: custom_users_customuser_user_permissions custom_users_customu_customuser_id_5aab7814_fk_custom_us; Type: FK CONSTRAINT; Schema: public; Owner: bsadmin
--

ALTER TABLE ONLY public.custom_users_customuser_user_permissions
    ADD CONSTRAINT custom_users_customu_customuser_id_5aab7814_fk_custom_us FOREIGN KEY (customuser_id) REFERENCES public.custom_users_customuser(id) DEFERRABLE INITIALLY DEFERRED;


--
-- Name: custom_users_customuser_groups custom_users_customu_customuser_id_e932fab1_fk_custom_us; Type: FK CONSTRAINT; Schema: public; Owner: bsadmin
--

ALTER TABLE ONLY public.custom_users_customuser_groups
    ADD CONSTRAINT custom_users_customu_customuser_id_e932fab1_fk_custom_us FOREIGN KEY (customuser_id) REFERENCES public.custom_users_customuser(id) DEFERRABLE INITIALLY DEFERRED;


--
-- Name: custom_users_customuser_groups custom_users_customu_group_id_2a1c531c_fk_auth_grou; Type: FK CONSTRAINT; Schema: public; Owner: bsadmin
--

ALTER TABLE ONLY public.custom_users_customuser_groups
    ADD CONSTRAINT custom_users_customu_group_id_2a1c531c_fk_auth_grou FOREIGN KEY (group_id) REFERENCES public.auth_group(id) DEFERRABLE INITIALLY DEFERRED;


--
-- Name: custom_users_customuser_user_permissions custom_users_customu_permission_id_665a3b52_fk_auth_perm; Type: FK CONSTRAINT; Schema: public; Owner: bsadmin
--

ALTER TABLE ONLY public.custom_users_customuser_user_permissions
    ADD CONSTRAINT custom_users_customu_permission_id_665a3b52_fk_auth_perm FOREIGN KEY (permission_id) REFERENCES public.auth_permission(id) DEFERRABLE INITIALLY DEFERRED;


--
-- Name: django_admin_log django_admin_log_content_type_id_c4bce8eb_fk_django_co; Type: FK CONSTRAINT; Schema: public; Owner: bsadmin
--

ALTER TABLE ONLY public.django_admin_log
    ADD CONSTRAINT django_admin_log_content_type_id_c4bce8eb_fk_django_co FOREIGN KEY (content_type_id) REFERENCES public.django_content_type(id) DEFERRABLE INITIALLY DEFERRED;


--
-- Name: django_admin_log django_admin_log_user_id_c564eba6_fk_custom_users_customuser_id; Type: FK CONSTRAINT; Schema: public; Owner: bsadmin
--

ALTER TABLE ONLY public.django_admin_log
    ADD CONSTRAINT django_admin_log_user_id_c564eba6_fk_custom_users_customuser_id FOREIGN KEY (user_id) REFERENCES public.custom_users_customuser(id) DEFERRABLE INITIALLY DEFERRED;


--
-- Name: posts_post posts_post_author_id_fe5487bf_fk_custom_users_customuser_id; Type: FK CONSTRAINT; Schema: public; Owner: bsadmin
--

ALTER TABLE ONLY public.posts_post
    ADD CONSTRAINT posts_post_author_id_fe5487bf_fk_custom_users_customuser_id FOREIGN KEY (author_id) REFERENCES public.custom_users_customuser(id) DEFERRABLE INITIALLY DEFERRED;


--
-- PostgreSQL database dump complete
--

